1,3,Psc,358.95,-5.77,4.61
2,15,And,14.31,25.68,2.06
3,21,Cas,35.12,51.22,2.27
4,25,Phe,339.65,-41.96,3.87
5,33,Cet,356.28,-15.28,4.89
6,39,Peg,9.16,12.6,2.84
7,45,Peg,11.6,17.05,4.8
8,48,Cet,355.54,-18.77,4.46
9,63,And,21.2,33.39,4.61
10,68,And,20.4,31.6,4.52
11,74,Cet,0.92,-10.02,3.55
12,77,Tuc,322.37,-57.72,4.23
13,98,Hyi,300.97,-64.79,2.79
14,99,Phe,345.49,-40.63,2.38
15,100,Phe,344.52,-41.79,3.93
16,105,Scl,351.58,-32.71,4.81
17,123,Cas,34.67,45.66,4.73
18,125,Phe,341.62,-46.57,4.77
19,126,Tuc,326.59,-57.35,4.37
20,127,Tuc,326.58,-57.36,4.54
21,130,Cas,42.6,52.28,4.16
22,153,Cas,35.07,44.72,3.66
23,154,And,22.68,27.15,4.36
24,163,And,20.92,23.02,4.38
25,165,And,21.81,24.35,3.28
26,168,Cas,37.78,46.62,2.23
27,179,Cas,33.48,41.45,4.81
28,180,Phe,345.82,-45.27,4.59
29,184,Cas,31.42,38.33,4.94
30,188,Cet,2.58,-20.78,2.01
31,191,Phe,335.34,-54.46,4.36
32,193,Cas,32.46,39.31,4.5
33,194,Cet,5.89,-14.11,4.75
34,215,And,20.58,17.62,4.06
35,219,Cas,40.25,47.01,3.44
36,223,Cas,35.01,41.28,4.89
37,224,Psc,14.15,2.18,4.44
38,226,And,29.15,32.56,4.53
39,244,,43.75,49.4,4.8
40,248,Cet,11.74,-6.29,4.76
41,253,Cas,42.16,47.52,4.84
42,264,Cas,43.93,48.82,2.47
43,265,Cas,42.59,47.57,4.64
44,3282,,139.76,-50.57,4.83
45,269,And,29.17,29.66,3.87
46,271,And,22.38,15.93,4.42
47,280,Scl,0.49,-32.51,4.27
48,285,,81.45,65.21,4.26
49,294,Psc,17.52,1.09,4.28
50,322,Phe,350.44,-48.2,3.3
51,334,Cet,11.77,-16.12,3.44
52,335,And,36.42,36.37,4.25
53,337,And,30.41,25.94,2.05
54,338,Phe,342.38,-55.13,3.92
55,343,Cas,41.8,43.12,4.34
56,351,Psc,24.53,12.44,4.66
57,352,Psc,28.32,20.74,4.51
58,360,Psc,26.46,15.5,4.66
59,370,Phe,353.4,-48.12,4.96
60,377,Tuc,322.27,-64.47,4.86
61,382,Cas,45.51,45.1,4.99
62,383,Psc,28.79,17.47,4.76
63,390,And,37.86,33.83,4.9
64,399,Cas,54.96,52.86,4.74
65,402,Cet,16.23,-15.77,3.59
66,403,Cas,47.93,46.4,2.68
67,412,Cet,13.95,-21.82,4.9
68,417,And,38.8,33.31,4.82
69,424,UMi,88.57,66.1,2.02
70,429,Phe,358.14,-47.59,3.41
71,434,Psc,23.14,-3.06,4.84
72,437,Psc,26.82,5.38,3.62
73,440,Phe,353.62,-52.58,3.95
74,442,Cas,48.42,45.01,4.72
75,458,And,38.55,28.98,4.1
76,464,And,42.44,35.42,3.57
77,469,And,40.49,31.49,4.98
78,472,Eri,345.31,-59.38,0.46
79,477,And,38.9,27.93,4.94
80,483,,40.09,29.7,4.96
81,489,Psc,25.51,-4.69,4.44
82,496,Per,44.59,36.85,4.06
83,500,,22.43,-13.36,5
84,509,Cet,17.82,-24.82,3.5
85,510,Psc,27.74,-1.62,4.26
86,531,Cet,21.35,-20.49,4.68
87,539,Cet,21.95,-20.33,3.72
88,542,Cas,54.76,47.55,3.37
89,544,Tri,36.86,16.8,3.42
90,545,Ari,33.18,7.16,4.83
91,546,Ari,33.18,7.16,4.75
92,548,Cas,59.15,51.69,4.99
93,549,Psc,27.52,-7.92,4.63
94,553,Ari,33.97,8.49,2.65
95,555,Phe,1.32,-52.57,4.41
96,565,Cet,17.91,-32.04,4.85
97,566,Eri,356.25,-57.02,3.7
98,569,Ari,35.69,10.83,4.79
99,570,Hyi,329.03,-67.11,4.69
100,574,,1.09,-53.8,4.82
101,575,Cas,61.91,53.23,4.54
102,580,Cas,63.56,54.39,3.98
103,585,Cet,19.43,-31.03,4.02
104,591,Hyi,342.12,-64.24,2.86
105,596,Psc,29.38,-9.06,4.33
106,603,And,44.23,27.81,2.26
107,604,And,44.23,27.81,4.84
108,612,For,16.34,-38.92,4.69
109,617,Ari,37.66,9.97,2.01
110,620,And,43.26,23.33,4.83
111,622,Tri,42.35,20.58,3
112,623,Ari,39.02,12.12,4.98
113,642,Tri,41.2,15.99,4.94
114,643,And,46.83,28.91,4.83
115,649,Cet,34.04,-4.27,4.35
116,660,Tri,43.6,19.32,4.87
117,664,Tri,43.52,18.95,4.01
118,674,Eri,1,-58.99,3.56
119,681,Cet,31.52,-15.94,3.05
120,699,And,51.81,33.7,4.7
121,705,Hyi,329.18,-69.8,4.09
122,707,Cas,62.23,48.98,4.53
123,708,Cet,29.72,-25.24,4.89
124,718,Cet,37.47,-5.86,4.3
125,721,Eri,7.94,-57.01,4.25
126,740,Cet,30.1,-28.53,4.75
127,749,For,24.51,-40.69,4.89
128,754,Cet,38.39,-9.18,4.86
129,779,Cet,37.57,-14.46,4.06
130,781,Cet,33.34,-26,4.84
131,788,Per,50.84,23.24,4.92
132,789,,15.98,-54.25,4.75
133,794,Eri,18.77,-51.71,4.11
134,799,Per,54.67,31.62,4.13
135,801,Ari,46.93,11.31,4.67
136,804,Cet,39.43,-12,3.47
137,806,Hyi,331.91,-71.22,4.11
138,811,Cet,33.76,-28.25,4.24
139,813,Cet,41.94,-5.57,4.27
140,818,Eri,32.11,-32.75,4.46
141,824,Ari,48.37,12.48,4.52
142,834,Per,58.7,37.48,3.79
143,837,Hyi,334.41,-71.53,4.84
144,838,Ari,48.2,10.45,3.62
145,840,Per,51.84,20.94,4.23
146,841,For,26.23,-45.86,4.46
147,843,Per,50.95,17.79,4.53
148,850,Eri,32.63,-35.52,4.77
149,854,Per,57.91,34.37,3.96
150,868,,12.36,-61.4,3.92
151,872,Hyi,310.22,-72.92,4.75
152,874,Eri,38.75,-24.55,3.87
153,879,Per,53.9,21.73,4.7
154,882,Per,52.54,17.44,4.94
155,887,Ari,48.5,4.17,4.63
156,888,Ari,48.5,4.17,4.64
157,896,Cet,45.09,-7.79,4.7
158,897,Eri,23.27,-53.74,3.42
159,898,Eri,23.27,-53.74,4.42
160,909,Hor,346.34,-71.35,4.99
161,911,Cet,44.32,-12.59,2.53
162,915,Per,60.02,34.53,2.93
163,918,,61.49,37.5,4.76
164,919,Eri,34.53,-38.91,4.09
165,921,Per,54.91,20.57,3.39
166,932,,72.37,53.53,4.88
167,936,Per,56.17,22.43,2.12
168,937,Per,59.27,30.63,4.05
169,941,Per,57.69,26.08,3.81
170,947,Per,56.36,20.97,4.64
171,951,Ari,50.85,1.82,4.37
172,963,For,34.61,-44.69,3.85
173,972,Ari,51.94,2.89,4.89
174,984,Eri,43.83,-25.92,4.8
175,985,,67.88,45.26,4.85
176,991,,56.3,15.38,4.82
177,994,Eri,39.47,-39.13,4.88
178,996,Cet,48.33,-14.45,4.84
179,999,,55.24,10.3,4.47
180,1002,Per,59.47,24,4.95
181,1003,Eri,40.11,-38.51,3.7
182,1008,,27.22,-58.11,4.27
183,1017,Per,62.08,30.13,1.79
184,1030,Tau,51.16,-9.33,3.6
185,1034,,62.49,29.19,4.98
186,1035,,66.58,39.53,4.22
187,1038,Tau,51.91,-8.8,3.75
188,1040,,66.29,38.49,4.54
189,1044,Per,62.87,29.56,4.67
190,1052,Per,62.61,28.05,4.38
191,1066,Tau,53.59,-5.92,4.1
192,1070,Eri,48.85,-23.34,4.73
193,1083,Ret,355.11,-73.8,4.72
194,1084,Eri,48.17,-27.72,3.73
195,1087,Per,63.75,27.97,4.23
196,1088,Eri,44.2,-39.44,4.28
197,1101,Tau,51.95,-18.44,4.28
198,1106,,34.93,-57.09,4.58
199,1122,Per,64.8,27.3,3.01
200,1123,Per,61.13,13.91,4.97
201,1129,,70.49,42.16,4.79
202,1131,Per,61.14,12.18,3.83
203,1134,For,41.97,-49.8,5
204,1135,Per,63.82,22.15,3.8
205,1136,Eri,50.86,-28.68,3.54
206,1142,Tau,59.41,4.19,3.7
207,1143,,38.91,-54.84,4.59
208,1145,Tau,59.56,4.52,4.3
209,1148,Cam,74.65,49.62,4.66
210,1149,Tau,59.68,4.39,3.87
211,1155,,71.87,44.13,4.48
212,1156,Tau,59.7,3.96,4.18
213,1162,Eri,50.96,-31.12,4.42
214,1165,Tau,59.99,4.05,2.87
215,1173,Eri,47.36,-41.89,4.23
216,1175,Ret,351.39,-76.09,3.85
217,1178,Tau,60.36,3.92,3.62
218,1190,,40.56,-55.56,4.86
219,1195,,41.76,-54.31,4.17
220,1203,Per,63.12,11.33,2.85
221,1205,,71.31,39.65,5
222,1208,Hyi,310.47,-76.76,3.24
223,1212,Eri,55.63,-22.72,4.79
224,1213,Eri,48.87,-43.65,4.65
225,1220,Per,65.68,19.11,2.89
226,1228,Per,64.97,14.94,4.04
227,1231,Eri,53.87,-33.2,2.94
228,1239,Tau,60.63,-7.96,3.41
229,1240,Eri,50.97,-43.47,4.66
230,1247,Ret,7.06,-75.91,4.56
231,1251,Tau,59.92,-14.45,3.91
232,1256,Tau,63.46,1.26,4.37
233,1261,Per,69.75,28.89,4.29
234,1264,Ret,4.97,-76.54,4.51
235,1266,Ret,8.86,-75.98,4.97
236,1273,Per,69.5,26.24,4.03
237,1298,Eri,59.43,-27.45,4.05
238,1302,Hor,44.92,-61.23,4.93
239,1303,Per,70.79,26.71,4.16
240,1306,Per,69.15,18.93,4.71
241,1311,Tau,63.25,-11.75,4.84
242,1318,Eri,59.33,-30.93,4.86
243,1320,Tau,63.58,-12.18,4.28
244,1324,,71.81,28.45,4.61
245,1325,Eri,60.18,-28.42,4.43
246,1326,Hor,45.82,-61.73,3.86
247,1329,Tau,66.06,-0.75,4.95
248,1336,Ret,7.51,-78.04,3.35
249,1338,Dor,36.55,-70.14,4.25
250,1343,Per,69.17,12.91,4.93
251,1346,Tau,65.81,-5.73,3.65
252,1347,Eri,52.5,-53.96,3.56
253,1348,Tau,67.91,5.8,4.95
254,1350,Per,71.62,24.62,4.86
255,1355,Ret,19.61,-76.32,4.44
256,1373,Tau,66.87,-3.97,3.76
257,1380,Tau,67.13,-4.11,4.8
258,1387,Tau,68.2,0.63,4.22
259,1389,Tau,67.53,-3.69,4.28
260,1392,Tau,68.5,1.11,4.28
261,1393,Eri,54.49,-54.54,3.96
262,1394,Tau,67.37,-6,4.5
263,1396,Tau,67.29,-6.9,4.69
264,1407,Tau,67.98,-5.35,4.97
265,1409,Tau,68.46,-2.57,3.54
266,1411,Tau,67.95,-5.74,3.84
267,1412,Tau,67.96,-5.84,3.39
268,1427,,68.46,-5.59,4.78
269,1437,Eri,66.19,-21.68,4.89
270,1444,Tau,69.05,-7.04,4.65
271,1453,Eri,59.49,-50.94,4.51
272,1454,Per,73.58,19.01,4.26
273,1457,Tau,69.79,-5.47,0.86
274,1458,Tau,68.8,-11.74,4.25
275,1463,Eri,66.81,-25.12,3.92
276,1464,Eri,59.88,-51.82,3.82
277,1465,Dor,37.83,-74.58,3.27
278,1473,Tau,69.76,-9.5,4.27
279,1479,Tau,70.51,-6.17,4.7
280,1481,Eri,65.25,-36,3.87
281,1496,Eri,64.73,-41.38,4.3
282,1497,Tau,72.15,0.71,4.29
283,1502,Cae,56.15,-62.99,4.45
284,1520,Eri,69.34,-25.37,4.02
285,1533,,75.69,14.92,4.91
286,1542,Cam,80.98,43.42,4.29
287,1543,Ori,71.92,-15.38,3.18
288,1544,Ori,72.37,-13.48,4.35
289,1551,Aur,76.14,14.07,4.77
290,1552,Ori,72.1,-16.77,3.68
291,1556,Ori,73.49,-8.23,4.74
292,1560,Eri,71.05,-27.79,4.39
293,1567,Ori,72.49,-20.01,3.73
294,1568,Cam,79.27,30.9,4.47
295,1570,Ori,73.59,-12.37,4.67
296,1577,Aur,76.64,10.45,2.69
297,1580,Ori,74.34,-9.06,4.06
298,1592,Aur,77.64,15.1,4.95
299,1601,Ori,73.54,-20.85,4.47
300,1603,Cam,81.27,37.43,4.02
301,1605,Aur,78.84,20.94,2.99
302,1611,Eri,72,-35.04,4.78
303,1612,Aur,78.63,18.2,3.75
304,1617,Eri,73.21,-29.76,4.81
305,1620,Tau,76.79,-1.2,4.64
306,1621,,71.2,-42.54,4.92
307,1637,Aur,80.61,28.59,5
308,1638,Ori,76.54,-7.39,4.68
309,1641,Aur,79.45,18.28,3.18
310,1652,Cae,68.41,-57.89,4.55
311,1654,Lep,72.06,-44.96,3.18
312,1656,Tau,77.53,-4.23,5
313,1666,Eri,75.28,-27.86,2.79
314,1674,Dor,48.68,-78.94,4.72
315,1676,Ori,77.79,-7.31,4.82
316,1679,Eri,75.21,-31.54,4.27
317,1689,Aur,80.57,15.43,4.88
318,1696,Lep,75.76,-34.72,4.44
319,1698,Ori,77.57,-20.08,4.44
320,1702,Lep,75.39,-39.05,3.29
321,1705,Lep,75.9,-35.81,4.36
322,1708,Aur,81.86,22.86,0.08
323,1713,Ori,76.83,-31.12,0.13
324,1726,Aur,81.14,10.25,4.54
325,1729,Aur,81.85,16.95,4.71
326,1735,Ori,77.85,-29.84,3.59
327,1739,Tau,80.57,-1.01,4.94
328,1743,Col,73.54,-57.73,4.83
329,1744,Dor,346.87,-85.42,4.83
330,1756,Lep,77.78,-36.19,4.29
331,1762,,77.09,-44.24,4.71
332,1765,Ori,79.57,-23.48,4.74
333,1770,Ori,80.15,-19.58,5
334,1773,Aur,82.77,14.17,4.99
335,1780,Tau,81.47,-5.79,4.99
336,1784,Ori,79.58,-30.92,4.12
337,1788,Ori,80.16,-25.53,3.35
338,1789,Ori,80.54,-21.3,4.96
339,1790,Ori,80.95,-16.82,1.64
340,1791,Tau,82.57,5.39,1.65
341,1810,Tau,82.5,-1.29,4.89
342,1811,Ori,81.18,-20.09,4.59
343,1829,Lep,79.67,-43.91,2.84
344,1834,Ori,81.69,-24.31,4.71
345,1839,Ori,82.39,-17.3,4.2
346,1843,Aur,84.16,8.89,4.79
347,1845,Tau,83.4,-4.69,4.33
348,1852,Ori,82.36,-23.55,2.24
349,1855,Ori,81.91,-30.54,4.63
350,1862,Col,78.7,-58.63,3.87
351,1865,Lep,81.38,-41.06,2.57
352,1876,Ori,83.61,-13.81,4.41
353,1879,Ori,83.71,-13.37,3.66
354,1887,,82.88,-29.29,4.78
355,1892,Ori,83.04,-28.13,4.59
356,1899,Ori,83,-29.2,2.76
357,1903,Ori,83.46,-24.51,1.69
358,1907,Ori,84.13,-14.03,4.09
359,1910,Tau,84.78,-2.2,3.03
360,1922,Dor,52.12,-85.04,3.76
361,1931,Ori,84.1,-25.93,3.8
362,1934,Ori,84.5,-19.22,4.59
363,1937,Ori,83.92,-30.54,4.81
364,1946,Tau,85.49,-6.83,4.86
365,1948,Ori,84.68,-25.29,2.05
366,1949,Ori,84.68,-25.29,4.21
367,1952,,84.74,-24.48,4.95
368,1956,Col,82.17,-57.38,2.65
369,1963,Ori,85.28,-21.89,4.9
370,1983,Lep,84.85,-45.82,3.6
371,1995,Aur,87.82,15.76,4.53
372,1998,Lep,85.99,-38.22,3.54
373,2002,Tau,87.5,1.15,4.86
374,2004,Ori,86.4,-33.07,2.06
375,2010,Tau,87.4,-10.76,4.91
376,2011,Aur,88.16,13.88,4.74
377,2012,Aur,88.29,15.72,3.97
378,2015,Dor,26.45,-88.25,4.35
379,2020,Pic,82.54,-74.42,3.85
380,2029,Aur,89.14,32.27,5
381,2034,Tau,88.52,4.18,4.59
382,2035,Lep,87.17,-44.3,3.85
383,2037,Ori,87.97,-21.57,4.78
384,2040,Col,86.42,-59.18,3.12
385,2042,Pic,82.18,-79.54,4.51
386,2047,Ori,88.68,-3.16,4.41
387,2056,Col,87.36,-57.22,4.87
388,2061,Ori,88.75,-16.03,0.5
389,2077,Aur,89.92,30.85,3.72
390,2084,Tau,89.55,2.52,4.82
391,2085,Lep,88.9,-37.6,3.72
392,2087,Col,88.17,-60.55,4.97
393,2088,Aur,89.91,21.51,1.9
394,2091,Aur,89.99,22.5,4.25
395,2095,Aur,89.94,13.77,2.62
396,2102,,79.09,-86.47,4.65
397,2106,Col,89.03,-58.72,4.36
398,2113,,90.02,-26.51,4.52
399,2120,Col,89.61,-66.25,3.96
400,2124,Ori,90.6,-13.79,4.12
401,2128,Mon,90.55,-34.04,4.94
402,2134,Gem,90.95,-0.17,4.15
403,2135,Ori,90.92,-3.3,4.63
404,2148,Lep,91.56,-39.92,4.93
405,2155,Lep,91.9,-38.36,4.67
406,2159,Ori,91.85,-8.66,4.42
407,2198,Ori,92.92,-7.28,4.92
408,2199,Ori,92.93,-9.2,4.48
409,2209,,92.39,45.92,4.8
410,2212,Pic,97.33,-78.34,4.81
411,2215,Lyn,92.71,38.12,4.98
412,2216,Gem,93.44,-0.89,3.28
413,2219,Aur,93.36,6.1,4.35
414,2227,Mon,94.25,-29.66,3.96
415,2238,Lyn,93.1,35.62,4.48
416,2256,Col,96.48,-58.49,4.37
417,2275,,95.57,-26.29,4.9
418,2282,CMa,97.38,-53.37,3.02
419,2286,Gem,95.3,-0.82,2.87
420,2289,Aur,94.51,25.95,4.75
421,2294,CMa,97.19,-41.25,1.97
422,2296,Col,98.42,-56.71,3.85
423,2298,Mon,96.25,-18.72,4.44
424,2326,Car,104.96,-75.82,-0.72
425,2343,Gem,96.8,-3.06,4.14
426,2356,Mon,98.28,-30.27,4.6
427,2361,CMa,100.58,-55.76,4.48
428,2385,Mon,98.48,-15.86,4.5
429,2387,CMa,100.66,-46.56,4.33
430,2414,CMa,101.66,-46.05,4.54
431,2421,Gem,99.1,-6.74,1.92
432,2427,Aur,97.67,19.31,4.82
433,2429,CMa,101.74,-42.32,3.91
434,2435,,111.83,-75.75,4.39
435,2443,CMa,102,-41.28,4.42
436,2450,,101.98,-37.18,4.82
437,2451,Pup,107.15,-66.07,3.17
438,2456,Mon,100.37,-13.18,4.66
439,2462,,110.06,-70.99,4.93
440,2470,Lyn,97.26,36.29,4.87
441,2473,Gem,99.94,2.07,2.98
442,2478,Gem,100.86,-9.8,4.49
443,2484,Gem,101.21,-10.1,3.36
444,2491,CMa,104.08,-39.61,-1.46
445,2503,Mon,102.13,-14.91,4.76
446,2506,Mon,102.78,-20.5,4.46
447,2527,,95.68,53.83,4.55
448,2538,CMa,108.57,-55.15,3.89
449,2540,Gem,101.12,11.03,3.6
450,2549,,109.46,-56.95,4.99
451,2550,Pic,144.12,-83.04,3.27
452,2553,Pup,117.73,-72.85,2.93
453,2554,,121.23,-75.71,4.4
454,2560,Lyn,99.15,35.44,4.35
455,2564,Gem,103.49,-9.62,4.65
456,2571,CMa,107.24,-42.87,4.83
457,2574,CMa,106.18,-34.72,4.08
458,2580,CMa,108.16,-46.77,3.87
459,2585,Lyn,100.93,22.2,4.9
460,2590,CMa,107.88,-42.72,4.69
461,2593,CMa,107.04,-36.66,5
462,2596,CMa,107.52,-39.64,4.37
463,2608,,119.09,-70.74,4.95
464,2618,CMa,110.76,-51.36,1.5
465,2646,CMa,111.56,-50.23,3.43
466,2648,Mon,107.62,-26.72,5
467,2650,Gem,104.99,-2.04,3.79
468,2653,CMa,111,-46.13,3.01
469,2657,CMa,109.61,-37.99,4.11
470,2672,,123.55,-71.17,4.93
471,2693,CMa,113.4,-48.45,1.84
472,2696,Aur,104.39,16.77,4.99
473,2697,Gem,105.44,7.75,4.42
474,2701,Mon,109.64,-26.49,4.92
475,2702,,118.43,-61.41,4.83
476,2714,Mon,109.54,-22.72,4.15
477,2717,Gem,107.7,-6.16,5
478,2736,Vol,219.86,-82.62,3.78
479,2740,,124.74,-68.02,4.49
480,2742,,95.77,59.43,4.96
481,2745,CMa,115.33,-48.17,4.65
482,2746,,123.71,-66.49,4.89
483,2749,CMa,115.63,-48.56,3.82
484,2762,,127.09,-69.32,4.76
485,2763,Gem,108.78,-5.64,3.58
486,2764,,115.26,-45.09,4.79
487,2766,,116.55,-49.57,4.6
488,2773,Pup,120.3,-58.53,2.7
489,2777,Gem,108.52,-0.18,3.53
490,2781,CMa,116.26,-46.22,4.95
491,2782,CMa,116.38,-46.61,4.4
492,2787,,120.56,-58.11,4.67
493,2803,Vol,199.43,-82.48,3.98
494,2812,,115.94,-40.62,4.96
495,2818,Lyn,105.71,26.95,4.63
496,2821,Gem,108.96,5.76,3.79
497,2827,CMa,119.54,-50.61,2.44
498,2828,CMi,111.66,-12.57,4.99
499,2845,CMi,112.19,-13.49,2.89
500,2852,Gem,109.09,9.81,4.18
501,2854,CMi,112.35,-12.82,4.3
502,2864,CMi,112.27,-9.71,4.55
503,2874,,119.38,-44.2,4.86
504,2878,Pup,128.69,-63.77,3.25
505,2881,,122.38,-51.88,4.65
506,2890,Gem,110.24,10.1,1.58
507,2891,Gem,110.24,10.1,1.58
508,2902,,118.31,-35.69,4.98
509,2905,Gem,111.34,5.22,4.06
510,2906,,120.47,-43.28,4.45
511,2922,,122.92,-49.12,4.63
512,2930,Gem,110.74,12.91,4.91
513,2934,,141.74,-71.7,4.94
514,2937,,126.47,-55.37,4.53
515,2943,CMi,115.79,-16.02,0.37
516,2944,,122.78,-46.05,4.7
517,2946,Lyn,106.35,36.72,4.99
518,2948,,123.45,-47.41,4.5
519,2949,,123.46,-47.41,4.62
520,2959,,120.42,-36.09,4.96
521,2961,,129.06,-58.42,4.85
522,2970,Mon,119.28,-30.45,3.93
523,2973,Gem,112.63,7.45,4.29
524,7259,CrA,284.06,-16.75,4.11
525,2985,Gem,113.67,3.08,3.57
526,2990,Gem,113.22,6.68,1.14
527,2993,Pup,125.58,-48.7,4.59
528,2996,Pup,125.88,-49.21,3.95
529,3003,Gem,115.09,-2.65,4.87
530,3017,,130.89,-57.73,3.61
531,3024,Vol,225.76,-79.39,3.95
532,3034,Pup,126.06,-46.05,4.49
533,3045,Pup,126.04,-44.94,3.3
534,3046,,139.48,-65.93,4.71
535,3055,,139.07,-65.23,4.11
536,3067,Gem,115.24,5.78,4.98
537,3080,,135.08,-59.7,3.73
538,3084,,134.02,-58.08,4.49
539,3089,,144.28,-67.8,4.63
540,3090,,142.49,-66.46,4.24
541,3102,Pup,127.64,-42.58,4.2
542,3113,,130.93,-49.68,4.79
543,3117,Car,150.73,-70.33,3.47
544,3122,Mon,122.96,-23.76,4.93
545,3129,,145.7,-67.06,4.41
546,3131,,127.01,-38.07,4.61
547,3141,Mon,122.82,-21.45,4.67
548,3145,,122.24,-17.75,4.38
549,3149,Gem,117.24,7.23,4.94
550,3159,,180.72,-77.11,4.82
551,3165,Pup,138.55,-58.35,2.25
552,3173,Lyn,112.6,30.56,4.84
553,3185,Pup,131.39,-43.27,2.81
554,3188,Mon,125.14,-22.59,4.33
555,3192,Pup,129.96,-38.32,4.4
556,3206,Vel,147.34,-64.48,4.27
557,3207,Vel,147.35,-64.46,1.83
558,3211,Pup,128.57,-32.08,4.72
559,3220,,174.72,-75.09,4.76
560,3223,Vol,204.17,-77.78,4.35
561,3225,,140.84,-57.4,4.42
562,3226,,143.6,-60.46,4.75
563,3229,Pup,130.03,-34.71,5.01
564,3237,,139,-53.81,4.77
565,3243,,142.28,-57.86,4.44
566,3249,Cnc,124.26,-10.29,3.54
567,3270,,141.09,-54.13,4.45
568,3275,Lyn,117.56,23.11,4.25
569,3294,,153.04,-64.33,4.82
570,3307,Car,173.13,-72.68,1.86
571,3314,,129.85,-22.45,3.9
572,3318,Cha,239.3,-75.41,4.07
573,3323,UMa,113,40.24,3.42
574,3340,Cha,241.07,-75.05,4.35
575,3347,Vol,195.17,-75.59,3.77
576,3359,,151.08,-60.49,4.99
577,3403,UMa,112.81,44.03,4.61
578,3410,Hya,130.3,-12.39,4.17
579,3414,,172.92,-70.44,4.86
580,3418,Hya,131.21,-14.6,4.43
581,3426,,151.97,-58.26,4.14
582,3431,Hya,136.28,-29.72,4.98
583,3433,Pyx,143.32,-45.89,4.89
584,3438,Pyx,146.8,-51.16,3.98
585,3441,Hya,137.96,-32.9,4.88
586,3445,,156.54,-61.15,3.81
587,3447,Vel,164.73,-66.28,3.6
588,3449,Cnc,127.54,3.19,4.66
589,3452,,157.47,-61.66,4.77
590,3454,Hya,132.3,-14.25,4.3
591,3457,,178.32,-71.04,4.33
592,3459,,135.54,-24.44,4.62
593,3461,Cnc,128.72,0.08,3.94
594,3467,,165.65,-66.22,4.86
595,3468,Pyx,146.5,-48.92,3.68
596,3475,Cnc,126.35,10.43,4.02
597,3477,,153.69,-57.36,4.07
598,3482,Hya,132.34,-11.1,3.38
599,3484,Hya,138.36,-30.27,4.32
600,3485,Vel,168.95,-67.2,1.96
601,3487,,157.5,-60.14,3.91
602,3492,Hya,132.91,-11.55,4.37
603,3498,,173.3,-68.48,4.49
604,3518,Pyx,145.47,-43.29,4.01
605,3520,,157.84,-59.17,4.93
606,3547,Hya,134.58,-10.97,3.1
607,3556,Pyx,146.86,-42.85,4.89
608,3569,UMa,122.8,29.58,3.14
609,3571,,183.69,-70.14,3.84
610,3572,Cnc,133.64,-5.08,4.26
611,3574,,168.9,-64.57,4.69
612,3576,UMa,113.97,47.95,4.76
613,3579,,125.28,23.71,3.97
614,3582,,180.89,-69.08,4.92
615,3591,,157.04,-54.72,4.45
616,3594,UMa,123.94,28.98,3.6
617,3612,,127.54,20.89,4.58
618,3613,Hya,137.39,-11.03,4.89
619,3614,,163.82,-59.32,3.75
620,3615,Vol,200.59,-72.2,4
621,3616,UMa,115.3,47.83,4.81
622,3619,UMa,123.12,33.45,4.48
623,3624,UMa,117.6,44.58,4.67
624,3628,Pyx,149.39,-40.11,4.56
625,3634,Vel,161.19,-55.87,2.21
626,3642,,214.25,-73.03,4.57
627,3643,,221.32,-73.28,4.48
628,3654,,163.4,-56.8,5
629,3659,,183.41,-67.53,3.45
630,3662,UMa,123.31,36.11,4.84
631,3663,,190.86,-69.48,3.98
632,3665,Hya,140.29,-13.05,3.88
633,3682,,159.22,-50.94,4.94
634,3684,,158.41,-49.9,4.62
635,3685,Car,211.97,-72.24,1.69
636,3690,Lyn,130.57,20.1,3.82
637,3696,,181.83,-66.07,4.34
638,3699,Car,185.33,-67.12,2.25
639,3705,Lyn,131.84,17.96,3.14
640,3706,Hya,146.53,-26.15,4.81
641,3709,Hya,145.81,-23.82,4.79
642,3718,Pyx,153.06,-39.03,4.72
643,3728,,192.77,-68.59,4.81
644,3731,Leo,135.3,10.43,4.46
645,3733,Pyx,155.03,-41.51,4.68
646,3734,Vel,178.89,-63.72,2.5
647,3748,Hya,147.28,-22.38,1.97
648,3749,,152.83,-35.18,4.68
649,3751,,104.48,60.69,4.3
650,3757,UMa,120.82,45.17,3.67
651,3759,Hya,145.58,-16.7,4.61
652,3765,Ant,161,-47.35,4.51
653,3771,UMa,116.33,51.25,4.57
654,3773,Leo,137.87,7.89,4.31
655,3775,UMa,127.26,34.9,3.18
656,3782,Leo,141.65,-3.16,4.97
657,3786,Vel,164.74,-51.16,3.6
658,3787,Hya,145.74,-14.97,4.57
659,3799,UMa,127.43,35.36,4.51
660,3800,LMi,133.82,20.75,4.55
661,3803,,184.21,-64.24,3.13
662,3809,,132.78,23.83,4.81
663,3825,,188.74,-65.37,4.09
664,3827,Leo,144.32,-6.96,5
665,3834,,145.34,-8.93,4.68
666,3836,,174.84,-57.96,4.35
667,3845,Hya,147.64,-14.28,3.91
668,3852,Leo,144.25,-3.76,3.52
669,3856,,193.68,-66.19,4.53
670,3858,,157.04,-35.07,4.76
671,3862,,157.45,-35.28,4.91
672,3871,Ant,159.94,-38.61,4.79
673,3873,Leo,140.7,9.72,2.98
674,3884,,197.07,-66.31,3.69
675,3888,UMa,126.27,42.65,3.81
676,3890,Car,202.89,-67.5,2.96
677,3894,UMa,129.35,38.26,4.6
678,3903,Hya,155.69,-26.08,4.11
679,3905,Leo,141.43,12.35,3.88
680,3912,,175.45,-54.23,4.58
681,3919,,161.51,-36.01,4.88
682,3923,,158.34,-29.61,4.94
683,3940,Vel,185.95,-59.95,3.53
684,3950,Leo,149.31,-3.91,4.7
685,3970,Hya,158.32,-23.18,4.59
686,3974,LMi,141.01,22.1,4.49
687,3975,Leo,147.91,4.87,3.41
688,3980,Leo,150.41,-1.42,4.38
689,3981,Sex,154.12,-11.12,4.5
690,3982,Leo,149.83,0.46,1.35
691,3990,,185.05,-56.69,4.87
692,3994,Hya,159.37,-22.01,3.61
693,4023,,177,-48.26,3.85
694,4031,Leo,147.57,11.86,3.41
695,4033,UMa,139.55,29.89,3.45
696,4037,Car,217.44,-67.38,3.33
697,4050,,200.08,-62.6,3.4
698,4054,Leo,149.7,8.45,4.8
699,4057,Leo,149.61,8.81,2.61
700,4058,Leo,149.62,8.81,3.8
701,4063,,191.22,-58.05,4.57
702,4069,UMa,141.23,29,3.05
703,4072,,126.21,50.22,4.99
704,4074,,192.8,-58.66,4.5
705,4080,,178.4,-47.11,4.83
706,4089,,211.36,-65.24,4.99
707,4090,LMi,145.41,22.24,4.74
708,4094,Hya,165.04,-24.67,3.79
709,4100,LMi,144.54,25.07,4.21
710,4102,,228.08,-67.88,4
711,4104,Ant,172.44,-37.43,4.25
712,4110,,196.2,-59.17,4.66
713,4112,UMa,134.6,42.52,4.84
714,4114,,197.85,-59.89,3.81
715,4126,,116.2,58.6,4.84
716,4132,,143.88,28.88,4.75
717,4133,Leo,156.39,0.15,3.85
718,4134,,191.94,-55.93,4.89
719,4138,,223.39,-66.84,4.75
720,4140,,203.06,-61.45,3.32
721,4142,,226.4,-67.2,4.93
722,4159,,197.57,-58.33,4.45
723,4162,,172.82,-33.17,4.89
724,4163,,166.29,-20.4,4.82
725,4166,LMi,148.84,21.64,4.72
726,4167,,187.39,-51.06,3.84
727,4171,Hya,168.05,-23.5,4.91
728,4174,Cha,240.42,-68.08,4.11
729,4177,,200.38,-59.17,4.66
730,4180,,195.74,-56.57,4.28
731,4181,,125.12,54.11,5
732,4196,,209.21,-62.24,4.82
733,4199,Car,209.19,-62.14,2.77
734,4200,,203.18,-59.66,4.58
735,4205,,208.61,-61.78,4.83
736,4216,Vel,190.52,-51.09,2.69
737,4222,,209.71,-61.79,4.86
738,4232,Hya,170.37,-21.8,3.11
739,4234,Cha,245.66,-67.79,4.46
740,4247,LMi,150.88,24.93,3.83
741,4248,UMa,146.52,33.06,4.71
742,4257,,202.44,-57.57,3.78
743,4259,Leo,155.5,16.5,4.5
744,4273,Ant,183.04,-39.82,4.6
745,4287,Crt,173.69,-22.72,4.07
746,4291,Leo,164.92,-2.52,4.84
747,4293,,187.32,-43.84,4.39
748,4294,Leo,164.01,-0.21,4.99
749,4295,UMa,139.43,45.13,2.37
750,4299,Leo,167.58,-8.02,4.75
751,4300,Leo,158.85,12.92,4.42
752,4301,UMa,135.2,49.68,1.79
753,4310,Leo,164.51,1.34,4.63
754,4314,Hya,179.32,-30.28,4.94
755,4325,,209.46,-58.85,4.61
756,4335,UMa,148.81,35.54,3.01
757,4337,,205.13,-56.29,3.83
758,4343,Crt,178.55,-25.64,4.48
759,4352,,207.5,-56.88,4.62
760,4357,Leo,161.32,14.33,2.56
761,4359,Leo,163.42,9.67,3.35
762,4362,Leo,160.48,16.79,4.63
763,4368,Leo,171.48,-7.65,4.47
764,4374,UMa,157.34,24.72,4.87
765,4375,UMa,157.34,24.72,4.41
766,4377,UMa,156.65,26.16,3.49
767,4380,UMa,154.21,30.78,4.79
768,4382,Crt,176.69,-17.57,3.56
769,4386,Leo,168.71,1.7,4.05
770,4390,Cen,202.2,-51.81,3.9
771,4392,UMa,151.97,35.78,5.03
772,4396,,188.31,-36.35,5
773,4399,Leo,167.57,6.1,3.94
774,4402,Crt,176.25,-13.47,4.83
775,4405,Crt,179.23,-19.67,4.08
776,4418,Leo,171.51,-0.55,4.91
777,4432,Leo,174.38,-5.7,4.77
778,4434,Dra,130.33,57.24,3.85
779,4450,Hya,187.99,-31.6,3.54
780,4460,,204.45,-50.38,4.62
781,4467,Cen,214.54,-56.79,3.13
782,4468,Crt,178.59,-11.3,4.7
783,4471,Leo,175.04,-3.05,4.3
784,4494,Hya,191.17,-33.44,4.7
785,4499,,214.09,-55.72,4.94
786,4514,Crt,184.07,-18.3,4.72
787,4515,Vir,173.34,6.11,4.85
788,4517,Vir,174.16,4.59,4.04
789,4518,UMa,153.66,41.54,3.72
790,4520,Mus,220.99,-58.51,3.64
791,4522,,213.83,-54.6,4.1
792,4523,,195.98,-37.85,4.88
793,4527,Leo,168.97,17.31,4.53
794,4530,Mus,221.44,-58.37,4.72
795,4534,Leo,171.62,12.27,2.14
796,4537,,217.51,-56.21,4.34
797,4538,,226.86,-60.38,4.98
798,4540,Vir,177.16,0.69,3.6
799,4546,,200.05,-41.42,4.46
800,4549,,219.66,-57.02,4.91
801,4552,Hya,193.45,-31.47,4.28
802,4554,UMa,150.48,47.14,2.44
803,4583,Cha,242.32,-63.94,4.91
804,4589,Vir,177.56,6.15,4.67
805,4599,Cru,218.78,-54.82,4.34
806,4603,Cru,218.79,-54.62,4.73
807,4608,Vir,177.69,8.52,4.12
808,4616,Cru,220.9,-55.46,4.15
809,4618,,207.38,-44.48,4.47
810,4621,Cen,207.48,-44.51,2.6
811,4623,Crv,192.24,-21.75,4.02
812,4630,Crv,191.67,-19.67,2.98
813,4638,Cen,209.39,-45.58,3.96
814,4656,Cru,215.66,-50.42,2.79
815,4660,UMa,151.06,51.66,3.31
816,4662,Crv,190.73,-14.5,2.58
817,4667,Com,173.63,23.47,4.95
818,4668,,169.05,31.63,4.98
819,4671,Mus,226.56,-57.04,4.02
820,4674,Cha,245.44,-63.59,4.26
821,4679,Cru,221.74,-54.16,4.05
822,4682,,213,-47.23,5
823,4689,Vir,184.83,1.37,3.9
824,4695,Vir,183.35,5.06,4.96
825,4697,Com,177.42,18.33,4.74
826,4700,Cru,218.28,-51.21,3.59
827,4707,Com,174.11,25.79,4.81
828,4716,CVn,157.83,48.12,4.8
829,4729,,221.88,-52.9,4.86
830,4730,Cru,221.87,-52.88,1.58
831,4731,Cru,221.87,-52.88,2.09
832,4732,,211.35,-43.54,4.83
833,4733,Com,174.28,27.45,4.95
834,4737,Com,173.89,28.4,4.36
835,4738,Com,174.63,27.11,4.99
836,4743,Cen,210.73,-42.39,3.91
837,4757,Crv,193.45,-12.2,2.94
838,4763,Cru,216.74,-47.83,1.63
839,4765,Dra,136.92,61.19,4.95
840,4773,Mus,234.02,-58.87,3.88
841,4775,Crv,193.81,-11.69,4.32
842,4785,CVn,167.71,40.54,4.27
843,4786,Crv,197.37,-18.04,2.64
844,4787,Dra,136.26,61.76,3.89
845,4789,Com,178.44,24.12,4.81
846,4795,Dra,135.97,61.98,4.94
847,4798,Mus,230.37,-56.56,2.7
848,4802,Cen,211.33,-40.13,3.86
849,4813,Vir,192.15,-3.47,4.67
850,4817,,206.56,-32.47,4.64
851,4819,Cen,212.32,-40.16,2.17
852,4823,,220.75,-49.07,4.94
853,4825,Vir,190.14,2.79,3.65
854,4826,Vir,190.14,2.79,3.68
855,4828,Vir,185.51,13.54,4.88
856,4831,,212.42,-39.95,4.66
857,4842,Cru,222.51,-49.83,4.69
858,4844,Mus,230.15,-55.24,3.06
859,4846,,167.11,45.1,4.87
860,4848,,218.71,-46.12,4.66
861,4853,Cru,221.65,-48.64,1.25
862,4874,,205.7,-26.15,4.91
863,4883,Com,179.87,30.21,4.94
864,4888,,214.44,-39.19,4.33
865,4889,,209.38,-31.45,4.27
866,4894,Com,183.35,24.7,4.9
867,4897,Cru,222.25,-47.68,4.63
868,4898,Cru,220.61,-46.07,4.04
869,4902,Vir,196.2,-3.43,4.8
870,4905,UMa,158.93,54.32,1.77
871,4910,Vir,191.46,8.61,3.38
872,4915,CVn,174.57,40.12,2.88
873,4920,Com,186.41,21.78,4.79
874,4923,Mus,236.19,-56.78,3.62
875,4924,Com,180.09,33.95,4.9
876,4931,UMa,159.67,55.24,4.93
877,4932,Vir,189.94,16.2,2.79
878,4933,Cen,216.72,-38.85,4.85
879,4940,,216.56,-37.7,4.71
880,4942,Cen,217.56,-38.91,4.27
881,4954,Com,183.4,31.82,4.82
882,4958,Hya,204.84,-14.58,4.95
883,4963,Vir,198.24,1.74,4.38
884,4975,,225.62,-47.06,4.6
885,4979,,211.92,-27.72,4.85
886,4983,Com,184.37,32.51,4.26
887,4989,,225.26,-46.24,4.92
888,4993,Mus,233.41,-53.3,4.8
889,4997,,177.25,43.45,4.92
890,5002,,232.52,-52.31,4.87
891,5015,Vir,195.79,12.65,4.8
892,5017,CVn,177.81,44.19,4.73
893,5019,Vir,205.01,-9.3,4.74
894,5020,Hya,207.02,-13.74,3
895,5028,Cen,213.13,-26.02,2.73
896,5035,,228.05,-47.25,4.54
897,5041,,231.27,-50.09,4.53
898,5054,UMa,165.7,56.38,2.27
899,5055,UMa,165.71,56.38,3.95
900,5056,Vir,203.84,-2.05,0.97
901,5062,UMa,165.87,56.55,4.02
902,5068,Vir,206.14,-6.32,4.75
903,5072,Vir,194.97,21.34,4.98
904,5080,,209.42,-12.9,4.97
905,5089,,216.48,-27.62,3.88
906,5095,Vir,203.59,3.12,4.69
907,5105,Vir,200.4,12.54,4.94
908,5107,Vir,202.13,8.64,3.38
909,5110,,184.19,42.99,4.98
910,5112,CVn,174.37,52.85,4.7
911,5127,CVn,185.42,42.48,4.83
912,5132,Cen,225.55,-39.59,2.3
913,5154,UMa,169.3,57.83,4.66
914,5168,Cen,216.68,-20.6,4.23
915,5172,,225.54,-37.31,4.65
916,5185,Boo,197.93,26.51,4.5
917,5190,Cen,221.15,-28.27,3.41
918,5191,UMa,176.93,54.39,1.86
919,5192,Cen,218.03,-21.61,4.19
920,5193,Cen,221.54,-28.98,3.04
921,5196,Vir,211.95,-6.38,4.97
922,5200,Boo,199.2,25.2,4.07
923,5201,Boo,196.79,30.23,4.91
924,5210,Cen,217.93,-20.07,4.56
925,5219,,190.09,42.27,4.75
926,5221,Cen,217.8,-18.97,4.74
927,5226,Dra,154.93,65.37,4.66
928,5231,Cen,224.95,-32.94,2.55
929,5235,Boo,199.34,28.08,2.68
930,5241,,235.23,-47.38,4.71
931,5248,Cen,223.04,-28,3.83
932,5249,Cen,224.34,-30.45,3.87
933,5260,Cen,225.29,-30.97,4.33
934,5264,Vir,207.75,13.06,4.26
935,5267,Cen,233.79,-44.14,0.61
936,5285,Cen,224.15,-26.59,4.36
937,5287,Hya,218.62,-13.05,3.28
938,5288,Cen,222.31,-22.08,2.05
939,5291,Dra,157.46,66.36,3.65
940,5297,,230.66,-37.57,4.75
941,5301,,216.04,-2.94,4.91
942,5303,Aps,254.81,-60.57,4.91
943,5304,Boo,200.08,35.67,4.83
944,5315,Vir,214.49,2.91,4.21
945,5321,UMi,122.81,70.33,4.82
946,5329,Boo,179.92,58.9,4.54
947,5338,Vir,213.8,7.2,4.09
948,5339,Oct,259.03,-62.33,4.32
949,5340,Boo,204.23,30.74,-0.05
950,5350,Boo,181.1,58.84,4.75
951,5351,Boo,186.96,54.65,4.18
952,5354,Lup,228.79,-30.19,3.55
953,5358,,233.98,-39.61,4.35
954,5359,Vir,216.95,0.49,4.52
955,5361,,195.97,45.75,4.81
956,5364,,228.66,-29.3,4.77
957,5367,Cen,225.69,-22.5,4.05
958,5370,Boo,206.52,28.44,4.86
959,5371,,235.51,-41.35,4.92
960,5378,,226.8,-23.85,4.42
961,5381,Hya,222.58,-12.8,4.75
962,5395,Lup,229.69,-28.98,4.56
963,5396,Lup,229.76,-29.12,4.35
964,5404,Boo,182.61,60.11,4.06
965,5407,Hya,224.25,-14.07,4.97
966,5409,Vir,215.45,11.76,4.82
967,5425,Lup,233.13,-33.44,4.42
968,5429,Boo,202.79,42.45,3.59
969,5430,UMi,128.39,71.45,4.25
970,5435,Boo,197.66,49.55,3.02
971,5440,Cen,230.25,-25.51,2.31
972,5447,Boo,203.9,42.14,4.47
973,5453,Lup,233.62,-32.17,4.05
974,5459,Cen,239.48,-42.6,-0.01
975,5460,Cen,239.48,-42.6,1.33
976,5463,Cir,242.36,-46.2,3.19
977,5469,Lup,233.5,-30.03,2.3
978,5470,Aps,254.43,-58.23,3.83
979,5471,,229.93,-20.99,4
980,5475,Boo,211.86,30.37,4.94
981,5477,Boo,213.04,27.88,4.83
982,5478,Boo,213.04,27.88,4.43
983,5480,Boo,215.23,22.68,4.86
984,5485,,229.38,-18.4,4.05
985,5487,Vir,220.13,9.67,3.88
986,5489,,229.66,-18.33,4.92
987,5490,Boo,207.97,39.99,4.79
988,5497,Hya,226.79,-8.98,4.94
989,5502,Boo,212.81,31.26,4.6
990,5506,Boo,208.11,40.62,2.7
991,5511,Vir,218.52,17.1,3.73
992,5526,Hya,228.48,-11.1,4.41
993,5528,Lup,233.87,-25.86,4.33
994,5531,Lib,225.08,0.33,2.75
995,5535,Lib,221.02,13.47,4.94
996,5544,Boo,213.55,33.77,4.54
997,5563,UMi,133.32,72.99,2.08
998,5570,Lib,223.15,11.97,4.49
999,5571,Lup,235.03,-25.05,2.68
1000,5576,Cen,234.79,-24.03,3.13
1001,5586,Lib,225.28,8.25,4.93
1002,5589,,160.81,72.03,4.54
1003,5600,Boo,213.81,40.17,4.82
1004,5601,Vir,222.62,18.55,4.4
1005,5602,Boo,204.25,54.15,3.52
1006,5603,Lib,230.69,-7.64,3.21
1007,5605,Lup,237.63,-28.4,4.72
1008,5606,Lup,237.63,-28.4,4.82
1009,5616,Boo,213.51,42.17,4.55
1010,5618,Boo,197.78,60.54,4.76
1011,5626,Lup,237.71,-26.52,4.05
1012,5634,Boo,215.31,40.47,4.93
1013,5646,Lup,239.47,-29.65,3.87
1014,5649,Lup,240.76,-32.83,3.41
1015,5651,,238.2,-25.57,4.82
1016,5652,Lib,231,-1.85,4.54
1017,5660,Lup,234.69,-13.01,4.91
1018,5666,Cir,246.53,-43.44,4.86
1019,5670,Cir,244.31,-38.93,4.07
1020,5671,TrA,249.39,-48.1,2.89
1021,5681,Boo,213.16,48.97,3.49
1022,5683,Lup,240.37,-28.5,4.27
1023,5685,Lib,229.37,8.5,2.62
1024,5686,Lup,235,-11.5,4.33
1025,5695,Lup,238.66,-21.43,3.22
1026,5698,Lup,241.05,-28.38,5
1027,5704,Cir,245.44,-39.17,4.51
1028,5705,Lup,237.49,-17.18,3.56
1029,5708,Lup,240.12,-25.25,3.37
1030,5712,Lup,237.93,-17.68,4.54
1031,5723,Lib,231.35,8.04,4.94
1032,5724,,238.89,-19.38,4.6
1033,5733,Boo,213.18,53.42,4.32
1034,5735,UMi,141.6,75.24,3.05
1035,5744,Dra,184.95,71.09,3.29
1036,5747,CrB,219.12,46.05,3.68
1037,5771,TrA,250.48,-45.29,4.11
1038,5776,Lup,241.5,-21.24,2.78
1039,5777,Lib,233.69,8.9,4.62
1040,5778,CrB,219.45,48.55,4.13
1041,5781,,242.69,-24.88,4.54
1042,5787,Lib,235.14,4.39,3.91
1043,5788,Ser,228.34,28.88,3.8
1044,5789,Ser,228.34,28.88,3.8
1045,5793,CrB,222.3,44.32,2.24
1046,5794,Lib,238.61,-8.51,3.57
1047,5797,Lup,242.44,-22.46,4.33
1048,5812,Lib,239.35,-10.02,3.65
1049,5820,Lup,240.7,-14.47,4.67
1050,5824,Lib,238.32,-4.14,4.96
1051,5825,,243.61,-24.35,4.64
1052,5826,UMi,120.12,74.72,4.96
1053,5838,Lib,237.76,-0.02,4.72
1054,5839,Lup,241.37,-14.62,4.75
1055,5842,Ser,227.18,38.1,4.53
1056,5849,CrB,224.87,44.51,3.85
1057,5854,Ser,232.07,25.51,2.65
1058,5867,Ser,229.95,34.33,3.67
1059,5868,Ser,232.4,26.54,4.43
1060,5879,Ser,229.78,37.11,4.09
1061,5881,Ser,235.94,16.24,3.53
1062,5883,Lup,242.84,-13.18,3.95
1063,5885,Sco,241.12,-5.49,4.68
1064,5889,CrB,227.03,44.76,4.63
1065,5892,Ser,234.33,24.01,3.7
1066,5897,TrA,251.84,-41.95,2.85
1067,5899,Ser,229.52,40,4.78
1068,5901,CrB,222.67,53.93,4.82
1069,5903,UMi,117.4,75.12,4.32
1070,5904,Sco,241.62,-4.95,4.59
1071,5908,Lib,239.87,3.47,4.16
1072,5914,Her,218.24,60.3,4.62
1073,5928,Sco,243.15,-8.6,3.86
1074,5933,Ser,232.78,35.2,3.86
1075,5941,Lib,240.4,6.09,4.87
1076,5943,,246.4,-20.74,4.99
1077,5944,Sco,242.94,-5.48,2.91
1078,5947,CrB,229.12,46.07,4.16
1079,5948,Lup,245.77,-17.44,3.41
1080,5953,Sco,242.57,-1.99,2.32
1081,5958,,230.1,45.27,2
1082,5960,,204.09,71.25,4.95
1083,5961,Nor,251.24,-36.22,4.63
1084,5962,Nor,248.87,-27.91,4.65
1085,5967,,246.47,-17.51,4.89
1086,5969,,243.88,-5.03,5
1087,5971,CrB,229.01,49.16,4.98
1088,5972,Ser,232.13,42.45,4.83
1089,5978,Sco,241.31,9.23,4.77
1090,5980,Nor,248.51,-23.83,4.73
1091,5982,Her,218.38,64.32,4.76
1092,5984,Sco,243.19,1.01,2.58
1093,5985,Sco,243.19,1.01,4.92
1094,5986,Dra,196.67,74.44,4.03
1095,5987,Lup,246.74,-15.62,4.23
1096,5993,Sco,243.67,0.22,3.97
1097,5997,Sco,243.84,0.05,4.33
1098,6008,Her,235.72,37.22,5
1099,6018,CrB,228.02,55.96,4.76
1100,6020,Aps,261.51,-55.99,4.68
1101,6023,Her,221.63,63.78,4.27
1102,6024,Nor,252.01,-32.84,4.94
1103,6027,Sco,244.64,1.63,4.01
1104,6028,Sco,246.25,-6.68,4.59
1105,6030,TrA,254.86,-41.61,3.85
1106,6031,Sco,242.92,10.87,4.93
1107,6056,Oph,242.3,17.24,2.75
1108,6058,Nor,251.54,-28.27,4.98
1109,6070,,247.68,-7.12,4.77
1110,6072,Nor,252.07,-28.26,4.02
1111,6075,Oph,243.51,16.44,3.23
1112,6081,Sco,247.44,-2.65,4.57
1113,6084,Sco,247.8,-4.04,2.88
1114,6092,Her,224.38,65.83,3.91
1115,6093,Ser,243.41,22.24,4.82
1116,6095,Her,239.21,40.01,3.76
1117,6098,TrA,258.68,-47.54,4.91
1118,6102,Aps,262.7,-56.01,3.89
1119,6103,CrB,235.24,51.42,4.85
1120,6104,Oph,247.55,1.55,4.5
1121,6115,Nor,252.87,-25.49,4.47
1122,6116,UMi,120.32,77.83,4.95
1123,6117,Her,241.58,35.17,4.58
1124,6118,Oph,247.98,3.22,4.43
1125,6129,Oph,246.55,13.21,4.63
1126,6132,Dra,194.49,78.44,2.74
1127,6134,Sco,249.76,-4.57,0.91
1128,6141,Sco,249.74,-3.24,4.79
1129,6143,,251.47,-12.68,4.23
1130,6147,Oph,248.67,5.2,4.27
1131,6148,Her,241.09,42.7,2.77
1132,6149,Oph,245.59,23.56,3.83
1133,6153,Oph,249.63,0.43,4.45
1134,6155,Nor,253.53,-21.83,4.91
1135,6159,Her,244.23,32.99,4.85
1136,6161,Dra,155.35,81.04,5.01
1137,6163,Aps,262.95,-54.55,4.24
1138,6165,Sco,251.46,-6.12,2.81
1139,6166,,252.59,-13.07,4.16
1140,6168,Her,233.24,63.16,4.2
1141,6175,Oph,249.23,11.39,2.56
1142,6196,,251.3,4.43,4.96
1143,6200,Her,229.33,69.52,4.9
1144,6212,Her,241.46,53.11,2.81
1145,6217,TrA,260.9,-46.15,1.92
1146,6220,Her,238.79,60.29,3.5
1147,6223,Dra,184.41,81.63,4.83
1148,6229,Ara,258.9,-36.28,3.76
1149,6237,,219.26,76.91,4.84
1150,6241,Sco,255.33,-11.74,2.29
1151,6243,Oph,252.41,11.59,4.66
1152,6247,Sco,256.16,-15.42,3.04
1153,6252,Sco,256.25,-15.38,3.57
1154,6254,Her,236.69,67.39,4.82
1155,6262,Sco,257.12,-19.66,4.73
1156,6271,Sco,257.24,-19.64,3.59
1157,6281,Oph,250.64,32.5,4.38
1158,6285,Ara,259.82,-33.09,3.13
1159,6295,Ara,259.58,-30.27,4.06
1160,6299,Oph,251.82,31.84,3.2
1161,6315,Dra,184.91,83.32,4.9
1162,6318,Oph,254.49,18.43,4.82
1163,6322,UMi,99.14,73.92,4.23
1164,6324,Her,248.33,53.25,3.92
1165,6334,,258.39,-11.24,4.87
1166,6337,,252.72,36.68,4.98
1167,6355,Her,253.59,35.41,4.91
1168,6378,Oph,257.97,7.2,2.42
1169,6380,Sco,260.74,-20.18,3.34
1170,6396,Dra,183.38,84.76,3.17
1171,6406,Her,256.15,37.29,3.48
1172,6410,Her,254.76,47.69,3.13
1173,6415,Oph,258.24,22.55,4.72
1174,6417,Aps,264.98,-44.5,4.78
1175,6418,Her,252.07,59.55,3.18
1176,6431,Her,253.92,55.95,4.78
1177,6436,Her,252.95,60.11,4.66
1178,6445,Oph,260.9,2.02,4.38
1179,6446,Ser,260.3,10.26,4.31
1180,6452,,257.45,41.07,5
1181,6453,Oph,261.39,-1.84,3.26
1182,6461,Ara,264.21,-32.26,2.85
1183,6462,Ara,264.29,-33.11,3.34
1184,6485,Her,255.37,60.12,4.52
1185,6486,Oph,262.33,-0.96,4.16
1186,6492,Oph,262.88,-6.63,4.27
1187,6493,,261.25,18.1,4.54
1188,6498,Oph,260.59,27.31,4.31
1189,6500,Ara,265.56,-37.36,3.62
1190,6508,Sco,264.01,-14.01,2.68
1191,6510,Ara,264.93,-26.56,2.95
1192,6519,Oph,263.47,-0.69,4.81
1193,6526,Her,259.9,49.29,4.41
1194,6527,Sco,264.59,-13.79,1.63
1195,6536,Dra,251.96,75.28,2.81
1196,6537,Ara,265.45,-23.16,4.59
1197,6546,,265.25,-15.29,4.29
1198,6553,Sco,265.6,-19.65,1.87
1199,6554,Dra,250.33,78.15,4.9
1200,6555,Dra,250.4,78.14,4.87
1201,6556,Oph,262.45,35.84,2.07
1202,6561,Ser,264.55,7.93,3.52
1203,6567,Oph,264.32,15.21,4.63
1204,6569,Ara,266.45,-26.04,4.77
1205,6580,Sco,266.47,-15.64,2.41
1206,6581,Ser,265.39,10.49,4.24
1207,6582,Pav,267.97,-41.31,3.62
1208,6588,Her,259.89,69.27,3.8
1209,6595,Oph,266.15,1.7,4.87
1210,6596,Dra,132.27,86.9,4.8
1211,6603,Oph,265.34,27.94,2.78
1212,6615,Sco,267.52,-16.71,3.03
1213,6616,Sgr,267.24,-4.42,4.54
1214,6623,Her,265.22,51.1,3.42
1215,6628,,267.67,-8.29,4.83
1216,6629,Oph,266.63,26.11,3.75
1217,6630,,267.92,-13.62,3.21
1218,6631,Sco,268.04,-16.67,4.81
1219,6636,Dra,103.8,84.19,4.58
1220,6675,,269.39,-20.9,4.86
1221,6682,,269.57,-18.28,4.88
1222,6688,Dra,264.75,80.28,3.75
1223,6695,Her,268.47,60.68,3.88
1224,6698,Oph,269.75,13.67,3.34
1225,6700,Sgr,269.95,-0.38,4.75
1226,6703,Her,269.19,52.69,3.7
1227,6705,Dra,267.97,74.92,2.22
1228,6707,Her,269.45,53.63,4.41
1229,6710,Ser,270.13,19.75,4.62
1230,6712,Oph,270.07,27.81,4.6
1231,6713,Her,270.02,40.19,4.67
1232,6714,Oph,270.18,26.37,3.93
1233,6723,Oph,270.48,24.74,4.42
1234,6730,Her,270.5,45.03,4.96
1235,6742,Sgr,271.1,-6.15,4.69
1236,6743,Ara,271.19,-26.66,3.66
1237,6745,Pav,271.25,-40.24,4.35
1238,6746,Sgr,271.26,-6.99,2.99
1239,6752,Oph,271.51,25.93,4.03
1240,6766,,271.78,-5.03,4.56
1241,6770,Oph,272.13,32.16,4.63
1242,6771,Oph,272.16,32.99,3.73
1243,6779,Her,272.7,52.18,3.83
1244,6783,Tel,272.11,-22.54,4.53
1245,6787,Her,272.86,44.23,4.35
1246,6789,UMi,91.2,69.95,4.36
1247,6791,,273.46,66.88,5
1248,6801,Sgr,272.68,-0.29,4.98
1249,6812,Sgr,273.21,2.34,3.85
1250,6815,Her,274.41,54.8,4.97
1251,6832,Sgr,273.63,-13.38,3.11
1252,6842,,274.03,-3.67,4.63
1253,6855,Pav,273.52,-38.13,4.36
1254,6859,Sgr,274.58,-6.47,2.7
1255,6866,Oph,275.83,26.71,4.84
1256,6868,Her,276.69,45.28,4.96
1257,6869,Ser,275.68,20.44,3.25
1258,6872,Lyr,277.89,59.37,4.34
1259,6879,Sgr,275.08,-11.05,1.85
1260,6884,Sct,276.03,14.38,4.68
1261,6895,Her,277.8,45.05,3.84
1262,6896,Sgr,275.94,2.77,4.82
1263,6897,Tel,275.07,-22.65,3.51
1264,6905,Tel,275.24,-25.76,4.13
1265,6913,Sgr,276.32,-2.14,2.81
1266,6916,Pav,274.68,-38.97,4.64
1267,6920,Dra,71.09,84.88,4.22
1268,6923,Dra,292.16,81.78,4.99
1269,6927,Dra,75.93,83.57,3.58
1270,6930,Sct,277.15,8.69,4.71
1271,6934,Tel,275.98,-22.64,4.96
1272,6945,Dra,342.27,87.18,4.82
1273,6951,CrA,276.54,-19.06,4.64
1274,6973,Sct,279.02,14.92,3.83
1275,6978,Dra,295.68,79.76,4.77
1276,6982,Pav,275.12,-48.18,4.01
1277,7001,Lyr,285.32,61.73,0.03
1278,7012,,276.43,-41.69,4.79
1279,7020,Sct,280.76,13.99,4.72
1280,7029,,279.21,-12.56,4.87
1281,7032,Sct,281.14,14.74,4.89
1282,7039,Sgr,280.18,-3.95,3.16
1283,7056,Lyr,288.11,60.34,4.36
1284,7061,Her,284.78,43.4,4.19
1285,7063,Sct,282.38,18.19,4.22
1286,7064,,285.94,49.47,4.84
1287,7069,Her,284.86,41.02,4.36
1288,7074,Pav,277.8,-39.1,4.22
1289,7106,Lyr,288.88,55.98,3.42
1290,7107,Pav,277.62,-44.17,4.44
1291,7116,Sgr,282.47,0.11,4.83
1292,7120,Sgr,282.7,0.16,4.98
1293,7121,Sgr,282.38,-3.45,2.03
1294,7125,Dra,314.89,80.8,4.67
1295,7133,Her,288.06,45.23,4.6
1296,7134,Tel,280.11,-30.01,4.87
1297,7137,,299.5,72.79,4.93
1298,7139,Lyr,291.67,59.32,4.3
1299,7141,Ser,285.75,26.88,4.62
1300,7142,Ser,285.76,26.88,4.98
1301,7149,Sct,284.84,16.86,4.83
1302,7150,Sgr,283.45,1.66,3.51
1303,7152,CrA,282.04,-14.28,4.87
1304,7157,Lyr,295.23,66.18,4
1305,7176,Aql,288.26,37.57,4.02
1306,7178,Lyr,291.92,55.01,3.24
1307,7180,Dra,50.3,83.22,4.82
1308,7188,CrA,282.35,-19.33,4.75
1309,7192,Lyr,292.14,54.44,4.98
1310,7193,Aql,286.05,16.85,4.02
1311,7194,Sgr,283.64,-7.18,2.59
1312,7217,Sgr,284.99,0.86,3.77
1313,7234,Sgr,284.83,-5.09,3.31
1314,7235,Aql,289.8,36.19,2.99
1315,7236,Aql,287.33,17.57,3.43
1316,7242,CrA,283.58,-17.86,4.59
1317,7254,CrA,284.13,-15.31,4.11
1318,7264,Sgr,286.25,1.44,2.88
1319,7292,Sgr,287.04,-2.93,4.83
1320,7298,Lyr,300.06,60.68,4.38
1321,7304,Sgr,288.35,3.26,4.93
1322,7306,Vul,294.65,43.21,4.77
1323,7309,Dra,322.77,77.72,4.99
1324,7310,Dra,17.16,82.89,3.07
1325,7314,Lyr,300.52,59.57,4.38
1326,7328,Cyg,314.92,73.8,3.76
1327,7337,Sgr,285.78,-22.14,4.01
1328,7340,Sgr,289.45,4.22,3.93
1329,7342,Sgr,289.73,6.1,4.61
1330,7343,Sgr,285.83,-22.5,4.29
1331,7348,Sgr,286.64,-18.38,3.97
1332,7352,Dra,55.01,80.7,4.45
1333,7371,Dra,3.38,81.83,4.59
1334,7372,Cyg,299.66,50.92,4.97
1335,7377,Aql,293.64,24.82,3.36
1336,7387,Aql,293.43,22.04,4.72
1337,7405,Vul,299.51,45.86,4.45
1338,7417,Cyg,301.25,48.97,3.14
1339,7420,Cyg,317.97,71.45,3.78
1340,7424,Tel,287.47,-26.09,4.9
1341,7426,Cyg,304.27,55.2,4.74
1342,7429,Aql,296.81,28.66,4.45
1343,7437,Vul,299.9,40.79,4.99
1344,7440,Sgr,291.85,-3.26,4.6
1345,7446,Aql,294.85,14.35,4.96
1346,7447,Aql,295.84,20.01,4.36
1347,7462,Dra,30.29,80.92,4.69
1348,7469,Cyg,318.64,69.62,4.47
1349,7478,Cyg,304.93,50.62,4.7
1350,7479,Sge,301.07,38.79,4.38
1351,7488,Sge,301.21,38.22,4.38
1352,7515,Sgr,294.92,1.41,4.86
1353,7517,Cyg,310.17,57.21,4.89
1354,7525,Aql,300.94,31.24,2.72
1355,7528,Cyg,316.25,64.41,2.87
1356,7534,Cyg,308.91,53.63,4.99
1357,7536,Sge,303.39,38.91,3.81
1358,7546,Sge,304.04,39.42,5
1359,7557,Aql,301.78,29.3,0.76
1360,7564,Cyg,309.88,52.6,4.24
1361,7565,Vul,305.79,42.66,4.96
1362,7570,Aql,300.43,21.52,3.9
1363,7581,Sgr,292.56,-20.66,4.13
1364,7582,Dra,32.69,79.49,3.84
1365,7590,Pav,283.53,-50.89,3.96
1366,7592,Vul,307.04,43.94,4.58
1367,7595,Aql,302.63,28.72,4.68
1368,7597,Sgr,295.85,-5.42,4.7
1369,7602,Aql,302.42,26.66,3.72
1370,7604,Sgr,295.92,-6.32,4.5
1371,7613,Cyg,314.87,57.5,4.95
1372,7615,Cyg,312.93,54.27,3.93
1373,7618,Sgr,296.56,-5.46,4.82
1374,7619,Cyg,329.4,69.98,4.92
1375,7623,Sgr,294.87,-14.39,4.37
1376,7633,,343.38,74.84,4.96
1377,7635,Sge,307.04,39.19,3.47
1378,7650,Sgr,297.07,-7.11,4.54
1379,7652,,295.07,-17.15,4.77
1380,7653,Vul,310.85,46.99,4.65
1381,7659,,296.51,-11.43,4.99
1382,7665,Pav,287.61,-44.7,3.56
1383,7673,Tel,292.02,-31.85,4.97
1384,7685,Dra,20.36,78.16,4.5
1385,7708,Cyg,318.29,54.99,4.93
1386,7710,Aql,304.91,18.73,3.22
1387,7724,Aql,310.11,34.08,4.95
1388,7730,Cyg,328.04,63.69,4.83
1389,7735,Cyg,328.07,63.6,3.8
1390,7736,Cyg,319.91,54.57,4.99
1391,7739,,314.23,43.98,4.77
1392,7740,Cyg,343.4,71.58,4.3
1393,7744,Vul,315.36,46.05,4.52
1394,7747,Cap,303.77,6.99,4.27
1395,7750,Cep,63.08,75.49,4.39
1396,7751,Cyg,329.79,64.29,3.98
1397,7754,Cap,303.86,6.93,3.58
1398,7763,Cyg,321.78,55.45,4.82
1399,7773,Cap,304.43,6.58,4.76
1400,7776,Cap,304.05,4.59,3.08
1401,7790,Pav,293.82,-36.27,1.94
1402,7796,Cyg,324.84,57.12,2.23
1403,7806,Cyg,320.03,49.57,4.44
1404,7822,Cap,305.16,1.2,4.81
1405,7831,Aql,309.05,15.63,4.91
1406,7834,Cyg,320.71,47.45,4.01
1407,7844,Cyg,336.01,64.04,4.95
1408,7848,Pav,293.86,-40.32,4.76
1409,7850,Cep,4.86,73.93,4.22
1410,7852,Del,314.06,29.07,4.04
1411,7859,Pav,293.75,-41.3,4.88
1412,7866,Cyg,324.91,51.61,4.63
1413,7869,Ind,299.1,-27.75,3.11
1414,7871,Del,315.76,32.15,4.69
1415,7873,Aql,310.92,15.5,4.89
1416,7882,Del,316.34,31.92,3.63
1417,7884,Aql,311.72,16.79,4.33
1418,7891,Vul,319.11,38.13,4.82
1419,7906,Del,317.38,33.02,3.77
1420,7913,Pav,292.49,-45.95,3.42
1421,7920,Ind,298.67,-32.49,4.51
1422,7924,Cyg,335.33,59.91,1.25
1423,7928,Del,318.12,31.94,4.44
1424,7936,Cap,307.16,-7.03,4.13
1425,7939,Vul,322.68,41.47,4.91
1426,7942,Cyg,325.67,46.48,4.23
1427,7948,Del,319.37,32.7,4.27
1428,7949,Cyg,327.75,49.42,2.46
1429,7950,Aqr,311.72,8.08,3.77
1430,7951,Aqr,312.96,12.38,4.44
1431,7952,Ind,301.66,-27.34,4.89
1432,7955,,354.59,69.16,4.52
1433,7956,,328.28,49.71,4.92
1434,7957,Cep,4.68,71.78,3.43
1435,7963,Cyg,329.75,51.61,4.54
1436,7965,Mic,305.63,-15.45,4.9
1437,7977,Cyg,338.43,59.93,4.86
1438,7980,Cap,307.96,-8.96,4.12
1439,7986,Ind,297.79,-39.16,3.65
1440,7990,Aqr,313.06,8.24,4.75
1441,7995,Vul,325.61,42.59,4.57
1442,8001,Cyg,337.92,58.06,4.77
1443,8028,Cyg,336.14,54.91,3.94
1444,8039,Mic,308.43,-14.67,4.67
1445,8047,Cyg,343.09,60.08,4.75
1446,8060,Cap,312.74,-2.99,4.84
1447,8075,Cap,313.84,-0.59,4.07
1448,8079,Cyg,340.8,56.58,3.73
1449,8080,Cap,311.84,-8.1,4.49
1450,8089,Cyg,345.1,59.54,4.6
1451,8093,Aqr,316.4,4.76,4.52
1452,8097,Equ,323.43,25.18,4.68
1453,8115,Cyg,333.04,43.69,3.21
1454,8123,Equ,324.44,24.73,4.49
1455,8130,Cyg,338.61,50.55,3.73
1456,8131,Equ,323.12,20.12,3.9
1457,8135,Mic,311.93,-15.65,4.71
1458,8140,Ind,304.2,-35.78,4.39
1459,8143,Cyg,340.35,51.49,4.24
1460,8146,Cyg,337.26,47.47,4.42
1461,8151,Mic,309.53,-24.01,4.82
1462,8154,Cyg,344.51,55.31,5
1463,8162,Cep,12.78,68.91,2.45
1464,8167,Cap,317.68,-1.37,4.27
1465,8173,Peg,330.31,33.28,4.09
1466,8181,Pav,298.61,-46.97,4.22
1467,8204,Cap,316.94,-6.99,3.74
1468,8213,Cap,317.58,-6.57,4.5
1469,8225,Peg,334.13,36.14,4.57
1470,8232,Aqr,323.39,8.62,2.89
1471,8238,Cep,35.55,71.15,3.23
1472,8252,Cyg,350.14,55.19,4.02
1473,8254,Oct,289.69,-57.78,3.76
1474,8255,Cyg,344.3,49.1,4.91
1475,8260,Cap,320.2,-4.98,4.68
1476,8264,Aqr,324.12,5.96,4.69
1477,8278,Cap,321.79,-2.56,3.67
1478,8279,Cep,14.97,66.77,4.73
1479,8288,Cap,321.64,-4.84,4.73
1480,8301,Cyg,358.28,58.88,4.67
1481,8305,PsA,317.25,-18.34,4.34
1482,8308,Peg,331.88,22.1,2.39
1483,8309,Cyg,340.46,39.5,4.73
1484,8313,Peg,335,29.03,4.35
1485,8315,Peg,338.93,36.64,4.12
1486,8316,Cep,9.71,64.19,4.08
1487,8317,Cep,38.53,70.28,4.57
1488,8322,Cap,323.54,-2.6,2.83
1489,8334,Cep,14.35,65.48,4.29
1490,8335,Cyg,357.18,56.94,4.24
1491,8353,Gru,317.42,-23.05,3.01
1492,8368,Ind,309.8,-39.46,4.4
1493,8383,,21.14,65.86,4.9
1494,8387,Ind,309.63,-41.41,4.69
1495,8402,Aqr,332.11,9.16,4.69
1496,8411,Gru,318.94,-25.97,4.46
1497,8413,Peg,335.31,15.69,4.84
1498,8414,Aqr,333.35,10.66,2.94
1499,8417,Cep,24.22,65.75,4.29
1500,8418,Aqr,328.72,-2.08,4.25
1501,8425,Gru,315.91,-32.91,1.71
1502,8430,Peg,344.41,34.26,3.76
1503,8431,PsA,322.12,-20.08,4.5
1504,8433,PsA,321.7,-21.07,4.99
1505,8447,PsA,322.66,-19.81,4.92
1506,8450,Peg,336.83,16.34,3.55
1507,8454,Peg,349.55,40.98,4.29
1508,8465,Cep,13.96,61.15,3.35
1509,8468,Cep,42.94,68.44,4.79
1510,8485,,354.93,46.3,4.49
1511,8486,Gru,320,-28.34,4.79
1512,8494,Cep,13.05,59.94,4.19
1513,8498,Lac,354.01,44.4,4.15
1514,8499,Aqr,333.26,2.71,4.16
1515,8502,Tuc,309.67,-45.4,2.86
1516,8518,Aqr,336.71,8.24,3.84
1517,8522,Peg,349.5,35.56,4.81
1518,8523,Lac,2.25,51.3,4.56
1519,8538,Lac,8.63,55.56,4.44
1520,8539,Aqr,338.6,10.47,4.64
1521,8540,Tuc,307.17,-49.91,4.48
1522,8541,Lac,5.87,53.32,4.58
1523,8551,Peg,340.47,13.31,4.8
1524,8556,Gru,321.6,-31.35,3.97
1525,8558,Aqr,338.91,8.85,4.59
1526,8559,Aqr,338.91,8.85,4.42
1527,8560,Gru,321.57,-31.61,4.11
1528,8571,Cep,17.61,59.54,3.75
1529,8572,Lac,5.23,51.41,4.37
1530,8573,Aqr,335.39,-1.23,4.81
1531,8576,PsA,327.18,-21.37,4.29
1532,8579,Lac,1.44,47.54,4.51
1533,8582,Tuc,310.5,-47.79,4.81
1534,8585,Lac,8.14,53.29,3.77
1535,8597,Aqr,340.4,8.15,4
1536,8613,Lac,10.72,53.68,4.63
1537,8622,Lac,0.37,43.2,4.89
1538,8628,PsA,331.33,-17.27,4.18
1539,8630,Oct,288.02,-62.65,4.15
1540,8632,Lac,4.62,47.5,4.46
1541,8634,Peg,346.15,17.68,3.41
1542,8636,Gru,322.33,-35.43,2.11
1543,8641,Peg,354.91,34.42,4.79
1544,8644,Gru,325.41,-30.61,4.85
1545,8649,Aqr,335.24,-9.96,4.69
1546,8650,Peg,355.71,35.11,2.95
1547,8655,Gru,318.79,-41.46,4.85
1548,8665,Peg,347.95,18.4,4.19
1549,8667,Peg,353.05,28.8,3.93
1550,8675,Gru,320.73,-39.79,3.49
1551,8679,Aqr,338.6,-5.66,3.98
1552,8684,Peg,354.39,29.39,3.48
1553,8694,Cep,33.24,62.62,3.54
1554,8695,PsA,331.33,-23.65,4.46
1555,8698,Aqr,341.58,-0.39,3.74
1556,8699,Lac,6.38,45.56,4.94
1557,8702,,72.57,67.77,4.74
1558,8709,Aqr,338.87,-8.19,3.28
1559,8717,Peg,348.57,14.49,4.9
1560,8720,PsA,332.19,-23.64,4.21
1561,8726,,12.79,50.4,4.94
1562,8728,PsA,333.86,-21.14,1.16
1563,8747,Gru,321.93,-41.99,4.12
1564,8748,,75.68,67.53,4.72
1565,8752,,21.17,55.6,5
1566,8762,And,7.78,43.75,3.62
1567,8773,Psc,348.58,9.05,4.52
1568,8775,Peg,359.37,31.14,2.42
1569,8780,And,14.65,49.9,4.66
1570,8781,Peg,353.49,19.41,2.48
1571,8787,Gru,328.84,-34.44,4.28
1572,8789,Aqr,338.34,-16.59,4.48
1573,8795,Peg,351.56,13.88,4.51
1574,8796,Peg,358.8,28.47,4.74
1575,8797,Cas,25.37,56.78,4.85
1576,8812,Aqr,340.02,-14.49,3.64
1577,8817,Aqr,339.58,-15.71,4.68
1578,8819,Cep,53.55,65.56,4.42
1579,8820,Gru,328.5,-36.25,3.89
1580,8830,And,15.73,48.58,4.53
1581,8834,Aqr,347.14,-1.05,4.22
1582,8841,Aqr,346.31,-4,4.25
1583,8848,Tuc,320.44,-47.85,3.99
1584,8852,Psc,351.45,7.26,3.7
1585,8858,Aqr,346.73,-4.28,4.4
1586,8860,And,16.42,47.77,4.86
1587,8863,Scl,337,-25.69,4.41
1588,8865,Aqr,346.8,-4.78,4.98
1589,8872,Cep,40,61.4,4.76
1590,8880,Peg,1.05,25.57,4.6
1591,8892,Aqr,343.46,-14.79,3.98
1592,8904,Cas,31.97,57.19,4.98
1593,8905,Peg,1.98,24.8,4.4
1594,8906,Aqr,343.91,-15.57,4.39
1595,8911,Psc,352.9,4.43,4.94
1596,8916,Psc,355.19,9.03,4.3
1597,8923,Peg,358.09,14.76,4.56
1598,8926,,28.16,54.07,4.91
1599,8937,Scl,337.24,-31.71,4.37
1600,8939,Aqr,345.4,-16.52,4.72
1601,8943,Peg,7.91,31.03,4.98
1602,8949,Phe,334.91,-36.12,4.71
1603,8959,,333.64,-38.86,4.74
1604,8961,And,18.29,43.78,3.82
1605,8965,And,16.08,41.03,4.29
1606,8968,Aqr,349.67,-11.04,5
1607,8969,Psc,357.64,7.15,4.13
1608,8974,Cep,60.09,64.67,3.21
1609,8976,And,17.3,41.72,4.14
1610,8982,Aqr,348.61,-14.51,4.83
1611,8984,Psc,356.59,3.42,4.51
1612,8988,Aqr,350.2,-11.62,4.51
1613,8997,Peg,9.1,28.3,4.93
1614,9003,And,19.94,42.95,4.95
1615,9008,Cas,31.05,52.68,4.87
1616,9016,Scl,345.57,-24.56,4.57
1617,9045,Cas,31.05,51.17,4.54
1618,9062,Tuc,320.1,-55.58,5
1619,9064,Peg,10.08,23.16,4.66
1620,9066,,26.19,45.94,4.8
1621,9067,Psc,358.28,-3.13,4.86
1622,9071,Cas,30.13,49.41,4.88
1623,9072,Psc,2.58,6.36,4.01
1624,9076,Tuc,318.77,-56.65,4.5
1625,9084,Oct,300.09,-63.49,4.78
1626,9089,Psc,358.05,-5.71,4.41
1627,9098,Cet,353.77,-16.24,4.56
1628,9103,Cet,356.81,-10.08,4.98